image_path,label_name
/content/drive/MyDrive/melanoma_split/train/benign/melanoma_3947.jpg,benign
/content/drive/MyDrive/melanoma_split/train/benign/melanoma_2785.jpg,benign
/content/drive/MyDrive/melanoma_split/train/benign/melanoma_1239.jpg,benign
/content/drive/MyDrive/melanoma_split/train/benign/melanoma_1979.jpg,benign
/content/drive/MyDrive/melanoma_split/train/benign/melanoma_1746.jpg,benign
/content/drive/MyDrive/melanoma_split/train/benign/melanoma_2826.jpg,benign
/content/drive/MyDrive/melanoma_split/train/benign/melanoma_1623.jpg,benign
/content/drive/MyDrive/melanoma_split/train/benign/melanoma_2892.jpg,benign
/content/drive/MyDrive/melanoma_split/train/benign/melanoma_2116.jpg,benign
/content/drive/MyDrive/melanoma_split/train/benign/melanoma_1897.jpg,benign
/content/drive/MyDrive/melanoma_split/train/benign/melanoma_712.jpg,benign
/content/drive/MyDrive/melanoma_split/train/benign/melanoma_4430.jpg,benign
/content/drive/MyDrive/melanoma_split/train/benign/melanoma_4244.jpg,benign
/content/drive/MyDrive/melanoma_split/train/benign/melanoma_3825.jpg,benign
/content/drive/MyDrive/melanoma_split/train/benign/melanoma_4479.jpg,benign
/content/drive/MyDrive/melanoma_split/train/benign/melanoma_4273.jpg,benign
/content/drive/MyDrive/melanoma_split/train/benign/melanoma_4106.jpg,benign
/content/drive/MyDrive/melanoma_split/train/benign/melanoma_688.jpg,benign
/content/drive/MyDrive/melanoma_split/train/benign/melanoma_4732.jpg,benign
/content/drive/MyDrive/melanoma_split/train/benign/melanoma_3017.jpg,benign
/content/drive/MyDrive/melanoma_split/train/benign/melanoma_4338.jpg,benign
/content/drive/MyDrive/melanoma_split/train/benign/melanoma_1300.jpg,benign
/content/drive/MyDrive/melanoma_split/train/benign/melanoma_4595.jpg,benign
/content/drive/MyDrive/melanoma_split/train/benign/melanoma_3236.jpg,benign
/content/drive/MyDrive/melanoma_split/train/benign/melanoma_2112.jpg,benign
/content/drive/MyDrive/melanoma_split/train/benign/melanoma_3567.jpg,benign
/content/drive/MyDrive/melanoma_split/train/benign/melanoma_894.jpg,benign
/content/drive/MyDrive/melanoma_split/train/benign/melanoma_2613.jpg,benign
/content/drive/MyDrive/melanoma_split/train/benign/melanoma_1423.jpg,benign
/content/drive/MyDrive/melanoma_split/train/benign/melanoma_2047.jpg,benign
/content/drive/MyDrive/melanoma_split/train/benign/melanoma_2383.jpg,benign
/content/drive/MyDrive/melanoma_split/train/benign/melanoma_2242.jpg,benign
/content/drive/MyDrive/melanoma_split/train/benign/melanoma_2018.jpg,benign
/content/drive/MyDrive/melanoma_split/train/benign/melanoma_832.jpg,benign
/content/drive/MyDrive/melanoma_split/train/benign/melanoma_174.jpg,benign
/content/drive/MyDrive/melanoma_split/train/benign/melanoma_1262.jpg,benign
/content/drive/MyDrive/melanoma_split/train/benign/melanoma_221.jpg,benign
/content/drive/MyDrive/melanoma_split/train/benign/melanoma_1359.jpg,benign
/content/drive/MyDrive/melanoma_split/train/benign/melanoma_385.jpg,benign
/content/drive/MyDrive/melanoma_split/train/benign/melanoma_2023.jpg,benign
/content/drive/MyDrive/melanoma_split/train/benign/melanoma_2866.jpg,benign
/content/drive/MyDrive/melanoma_split/train/benign/melanoma_2180.jpg,benign
/content/drive/MyDrive/melanoma_split/train/benign/melanoma_1641.jpg,benign
/content/drive/MyDrive/melanoma_split/train/benign/melanoma_2486.jpg,benign
/content/drive/MyDrive/melanoma_split/train/benign/melanoma_1385.jpg,benign
/content/drive/MyDrive/melanoma_split/train/benign/melanoma_3799.jpg,benign
/content/drive/MyDrive/melanoma_split/train/benign/melanoma_4280.jpg,benign
/content/drive/MyDrive/melanoma_split/train/benign/melanoma_4587.jpg,benign
/content/drive/MyDrive/melanoma_split/train/benign/melanoma_3345.jpg,benign
/content/drive/MyDrive/melanoma_split/train/benign/melanoma_420.jpg,benign
/content/drive/MyDrive/melanoma_split/train/benign/melanoma_3703.jpg,benign
/content/drive/MyDrive/melanoma_split/train/benign/melanoma_4751.jpg,benign
/content/drive/MyDrive/melanoma_split/train/benign/melanoma_1752.jpg,benign
/content/drive/MyDrive/melanoma_split/train/benign/melanoma_3007.jpg,benign
/content/drive/MyDrive/melanoma_split/train/benign/melanoma_2199.jpg,benign
/content/drive/MyDrive/melanoma_split/train/benign/melanoma_1980.jpg,benign
/content/drive/MyDrive/melanoma_split/train/benign/melanoma_3601.jpg,benign
/content/drive/MyDrive/melanoma_split/train/benign/melanoma_4118.jpg,benign
/content/drive/MyDrive/melanoma_split/train/benign/melanoma_2772.jpg,benign
/content/drive/MyDrive/melanoma_split/train/benign/melanoma_4839.jpg,benign
/content/drive/MyDrive/melanoma_split/train/benign/melanoma_2111.jpg,benign
/content/drive/MyDrive/melanoma_split/train/benign/melanoma_1073.jpg,benign
/content/drive/MyDrive/melanoma_split/train/benign/melanoma_1126.jpg,benign
/content/drive/MyDrive/melanoma_split/train/benign/melanoma_2525.jpg,benign
/content/drive/MyDrive/melanoma_split/train/benign/melanoma_1966.jpg,benign
/content/drive/MyDrive/melanoma_split/train/benign/melanoma_3187.jpg,benign
/content/drive/MyDrive/melanoma_split/train/benign/melanoma_87.jpg,benign
/content/drive/MyDrive/melanoma_split/train/benign/melanoma_2428.jpg,benign
/content/drive/MyDrive/melanoma_split/train/benign/melanoma_177.jpg,benign
/content/drive/MyDrive/melanoma_split/train/benign/melanoma_4717.jpg,benign
/content/drive/MyDrive/melanoma_split/train/benign/melanoma_390.jpg,benign
/content/drive/MyDrive/melanoma_split/train/benign/melanoma_883.jpg,benign
/content/drive/MyDrive/melanoma_split/train/benign/melanoma_3848.jpg,benign
/content/drive/MyDrive/melanoma_split/train/benign/melanoma_3215.jpg,benign
/content/drive/MyDrive/melanoma_split/train/benign/melanoma_416.jpg,benign
/content/drive/MyDrive/melanoma_split/train/benign/melanoma_104.jpg,benign
/content/drive/MyDrive/melanoma_split/train/benign/melanoma_4701.jpg,benign
/content/drive/MyDrive/melanoma_split/train/benign/melanoma_3842.jpg,benign
/content/drive/MyDrive/melanoma_split/train/benign/melanoma_3183.jpg,benign
/content/drive/MyDrive/melanoma_split/train/benign/melanoma_1085.jpg,benign
/content/drive/MyDrive/melanoma_split/train/benign/melanoma_1048.jpg,benign
/content/drive/MyDrive/melanoma_split/train/benign/melanoma_489.jpg,benign
/content/drive/MyDrive/melanoma_split/train/benign/melanoma_1835.jpg,benign
/content/drive/MyDrive/melanoma_split/train/benign/melanoma_4481.jpg,benign
/content/drive/MyDrive/melanoma_split/train/benign/melanoma_4733.jpg,benign
/content/drive/MyDrive/melanoma_split/train/benign/melanoma_2038.jpg,benign
/content/drive/MyDrive/melanoma_split/train/benign/melanoma_4983.jpg,benign
/content/drive/MyDrive/melanoma_split/train/benign/melanoma_1310.jpg,benign
/content/drive/MyDrive/melanoma_split/train/benign/melanoma_1628.jpg,benign
/content/drive/MyDrive/melanoma_split/train/benign/melanoma_216.jpg,benign
/content/drive/MyDrive/melanoma_split/train/benign/melanoma_1323.jpg,benign
/content/drive/MyDrive/melanoma_split/train/benign/melanoma_2015.jpg,benign
/content/drive/MyDrive/melanoma_split/train/benign/melanoma_2669.jpg,benign
/content/drive/MyDrive/melanoma_split/train/benign/melanoma_1430.jpg,benign
/content/drive/MyDrive/melanoma_split/train/benign/melanoma_1223.jpg,benign
/content/drive/MyDrive/melanoma_split/train/benign/melanoma_4954.jpg,benign
/content/drive/MyDrive/melanoma_split/train/benign/melanoma_2211.jpg,benign
/content/drive/MyDrive/melanoma_split/train/benign/melanoma_3459.jpg,benign
/content/drive/MyDrive/melanoma_split/train/benign/melanoma_2992.jpg,benign
/content/drive/MyDrive/melanoma_split/train/benign/melanoma_2684.jpg,benign
/content/drive/MyDrive/melanoma_split/train/benign/melanoma_3044.jpg,benign
/content/drive/MyDrive/melanoma_split/train/benign/melanoma_1102.jpg,benign
/content/drive/MyDrive/melanoma_split/train/benign/melanoma_3626.jpg,benign
/content/drive/MyDrive/melanoma_split/train/benign/melanoma_150.jpg,benign
/content/drive/MyDrive/melanoma_split/train/benign/melanoma_195.jpg,benign
/content/drive/MyDrive/melanoma_split/train/benign/melanoma_2377.jpg,benign
/content/drive/MyDrive/melanoma_split/train/benign/melanoma_2075.jpg,benign
/content/drive/MyDrive/melanoma_split/train/benign/melanoma_1006.jpg,benign
/content/drive/MyDrive/melanoma_split/train/benign/melanoma_3612.jpg,benign
/content/drive/MyDrive/melanoma_split/train/benign/melanoma_4979.jpg,benign
/content/drive/MyDrive/melanoma_split/train/benign/melanoma_4758.jpg,benign
/content/drive/MyDrive/melanoma_split/train/benign/melanoma_2020.jpg,benign
/content/drive/MyDrive/melanoma_split/train/benign/melanoma_1526.jpg,benign
/content/drive/MyDrive/melanoma_split/train/benign/melanoma_2130.jpg,benign
/content/drive/MyDrive/melanoma_split/train/benign/melanoma_1933.jpg,benign
/content/drive/MyDrive/melanoma_split/train/benign/melanoma_2397.jpg,benign
/content/drive/MyDrive/melanoma_split/train/benign/melanoma_3680.jpg,benign
/content/drive/MyDrive/melanoma_split/train/benign/melanoma_397.jpg,benign
/content/drive/MyDrive/melanoma_split/train/benign/melanoma_1440.jpg,benign
/content/drive/MyDrive/melanoma_split/train/benign/melanoma_778.jpg,benign
/content/drive/MyDrive/melanoma_split/train/benign/melanoma_1382.jpg,benign
/content/drive/MyDrive/melanoma_split/train/benign/melanoma_3875.jpg,benign
/content/drive/MyDrive/melanoma_split/train/benign/melanoma_1063.jpg,benign
/content/drive/MyDrive/melanoma_split/train/benign/melanoma_865.jpg,benign
/content/drive/MyDrive/melanoma_split/train/benign/melanoma_930.jpg,benign
/content/drive/MyDrive/melanoma_split/train/benign/melanoma_577.jpg,benign
/content/drive/MyDrive/melanoma_split/train/benign/melanoma_116.jpg,benign
/content/drive/MyDrive/melanoma_split/train/benign/melanoma_2814.jpg,benign
/content/drive/MyDrive/melanoma_split/train/benign/melanoma_1878.jpg,benign
/content/drive/MyDrive/melanoma_split/train/benign/melanoma_4275.jpg,benign
/content/drive/MyDrive/melanoma_split/train/benign/melanoma_1922.jpg,benign
/content/drive/MyDrive/melanoma_split/train/benign/melanoma_1068.jpg,benign
/content/drive/MyDrive/melanoma_split/train/benign/melanoma_4759.jpg,benign
/content/drive/MyDrive/melanoma_split/train/benign/melanoma_1968.jpg,benign
/content/drive/MyDrive/melanoma_split/train/benign/melanoma_533.jpg,benign
/content/drive/MyDrive/melanoma_split/train/benign/melanoma_4234.jpg,benign
/content/drive/MyDrive/melanoma_split/train/benign/melanoma_1013.jpg,benign
/content/drive/MyDrive/melanoma_split/train/benign/melanoma_120.jpg,benign
/content/drive/MyDrive/melanoma_split/train/benign/melanoma_2883.jpg,benign
/content/drive/MyDrive/melanoma_split/train/benign/melanoma_4931.jpg,benign
/content/drive/MyDrive/melanoma_split/train/benign/melanoma_2007.jpg,benign
/content/drive/MyDrive/melanoma_split/train/benign/melanoma_3579.jpg,benign
/content/drive/MyDrive/melanoma_split/train/benign/melanoma_2317.jpg,benign
/content/drive/MyDrive/melanoma_split/train/benign/melanoma_3136.jpg,benign
/content/drive/MyDrive/melanoma_split/train/benign/melanoma_4076.jpg,benign
/content/drive/MyDrive/melanoma_split/train/benign/melanoma_3042.jpg,benign
/content/drive/MyDrive/melanoma_split/train/benign/melanoma_779.jpg,benign
/content/drive/MyDrive/melanoma_split/train/benign/melanoma_1909.jpg,benign
/content/drive/MyDrive/melanoma_split/train/benign/melanoma_2037.jpg,benign
/content/drive/MyDrive/melanoma_split/train/benign/melanoma_2882.jpg,benign
/content/drive/MyDrive/melanoma_split/train/benign/melanoma_513.jpg,benign
/content/drive/MyDrive/melanoma_split/train/benign/melanoma_2982.jpg,benign
/content/drive/MyDrive/melanoma_split/train/benign/melanoma_1075.jpg,benign
/content/drive/MyDrive/melanoma_split/train/benign/melanoma_4444.jpg,benign
/content/drive/MyDrive/melanoma_split/train/benign/melanoma_3757.jpg,benign
/content/drive/MyDrive/melanoma_split/train/benign/melanoma_3441.jpg,benign
/content/drive/MyDrive/melanoma_split/train/benign/melanoma_1801.jpg,benign
/content/drive/MyDrive/melanoma_split/train/benign/melanoma_4466.jpg,benign
/content/drive/MyDrive/melanoma_split/train/benign/melanoma_3934.jpg,benign
/content/drive/MyDrive/melanoma_split/train/benign/melanoma_903.jpg,benign
/content/drive/MyDrive/melanoma_split/train/benign/melanoma_1237.jpg,benign
/content/drive/MyDrive/melanoma_split/train/benign/melanoma_4700.jpg,benign
/content/drive/MyDrive/melanoma_split/train/benign/melanoma_3033.jpg,benign
/content/drive/MyDrive/melanoma_split/train/benign/melanoma_439.jpg,benign
/content/drive/MyDrive/melanoma_split/train/benign/melanoma_817.jpg,benign
/content/drive/MyDrive/melanoma_split/train/benign/melanoma_2782.jpg,benign
/content/drive/MyDrive/melanoma_split/train/benign/melanoma_2668.jpg,benign
/content/drive/MyDrive/melanoma_split/train/benign/melanoma_3240.jpg,benign
/content/drive/MyDrive/melanoma_split/train/benign/melanoma_3569.jpg,benign
/content/drive/MyDrive/melanoma_split/train/benign/melanoma_2033.jpg,benign
/content/drive/MyDrive/melanoma_split/train/benign/melanoma_3515.jpg,benign
/content/drive/MyDrive/melanoma_split/train/benign/melanoma_2947.jpg,benign
/content/drive/MyDrive/melanoma_split/train/benign/melanoma_4047.jpg,benign
/content/drive/MyDrive/melanoma_split/train/benign/melanoma_176.jpg,benign
/content/drive/MyDrive/melanoma_split/train/benign/melanoma_1993.jpg,benign
/content/drive/MyDrive/melanoma_split/train/benign/melanoma_3372.jpg,benign
/content/drive/MyDrive/melanoma_split/train/benign/melanoma_1531.jpg,benign
/content/drive/MyDrive/melanoma_split/train/benign/melanoma_2722.jpg,benign
/content/drive/MyDrive/melanoma_split/train/benign/melanoma_536.jpg,benign
/content/drive/MyDrive/melanoma_split/train/benign/melanoma_4236.jpg,benign
/content/drive/MyDrive/melanoma_split/train/benign/melanoma_4791.jpg,benign
/content/drive/MyDrive/melanoma_split/train/benign/melanoma_437.jpg,benign
/content/drive/MyDrive/melanoma_split/train/benign/melanoma_3850.jpg,benign
/content/drive/MyDrive/melanoma_split/train/benign/melanoma_2304.jpg,benign
/content/drive/MyDrive/melanoma_split/train/benign/melanoma_436.jpg,benign
/content/drive/MyDrive/melanoma_split/train/benign/melanoma_2256.jpg,benign
/content/drive/MyDrive/melanoma_split/train/benign/melanoma_4574.jpg,benign
/content/drive/MyDrive/melanoma_split/train/benign/melanoma_638.jpg,benign
/content/drive/MyDrive/melanoma_split/train/benign/melanoma_2347.jpg,benign
/content/drive/MyDrive/melanoma_split/train/benign/melanoma_3583.jpg,benign
/content/drive/MyDrive/melanoma_split/train/benign/melanoma_2671.jpg,benign
/content/drive/MyDrive/melanoma_split/train/benign/melanoma_3594.jpg,benign
/content/drive/MyDrive/melanoma_split/train/benign/melanoma_3539.jpg,benign
/content/drive/MyDrive/melanoma_split/train/benign/melanoma_1620.jpg,benign
/content/drive/MyDrive/melanoma_split/train/benign/melanoma_514.jpg,benign
/content/drive/MyDrive/melanoma_split/train/benign/melanoma_1265.jpg,benign
/content/drive/MyDrive/melanoma_split/train/benign/melanoma_1026.jpg,benign
/content/drive/MyDrive/melanoma_split/train/benign/melanoma_358.jpg,benign
/content/drive/MyDrive/melanoma_split/train/benign/melanoma_982.jpg,benign
/content/drive/MyDrive/melanoma_split/train/benign/melanoma_3451.jpg,benign
/content/drive/MyDrive/melanoma_split/train/benign/melanoma_3862.jpg,benign
/content/drive/MyDrive/melanoma_split/train/benign/melanoma_2512.jpg,benign
/content/drive/MyDrive/melanoma_split/train/benign/melanoma_1211.jpg,benign
/content/drive/MyDrive/melanoma_split/train/benign/melanoma_3403.jpg,benign
/content/drive/MyDrive/melanoma_split/train/benign/melanoma_2599.jpg,benign
/content/drive/MyDrive/melanoma_split/train/benign/melanoma_365.jpg,benign
/content/drive/MyDrive/melanoma_split/train/benign/melanoma_1649.jpg,benign
/content/drive/MyDrive/melanoma_split/train/benign/melanoma_780.jpg,benign
/content/drive/MyDrive/melanoma_split/train/benign/melanoma_620.jpg,benign
/content/drive/MyDrive/melanoma_split/train/benign/melanoma_2536.jpg,benign
/content/drive/MyDrive/melanoma_split/train/benign/melanoma_4452.jpg,benign
/content/drive/MyDrive/melanoma_split/train/benign/melanoma_3538.jpg,benign
/content/drive/MyDrive/melanoma_split/train/benign/melanoma_1680.jpg,benign
/content/drive/MyDrive/melanoma_split/train/benign/melanoma_682.jpg,benign
/content/drive/MyDrive/melanoma_split/train/benign/melanoma_1331.jpg,benign
/content/drive/MyDrive/melanoma_split/train/benign/melanoma_4762.jpg,benign
/content/drive/MyDrive/melanoma_split/train/benign/melanoma_2349.jpg,benign
/content/drive/MyDrive/melanoma_split/train/benign/melanoma_1144.jpg,benign
/content/drive/MyDrive/melanoma_split/train/benign/melanoma_1296.jpg,benign
/content/drive/MyDrive/melanoma_split/train/benign/melanoma_3359.jpg,benign
/content/drive/MyDrive/melanoma_split/train/benign/melanoma_341.jpg,benign
/content/drive/MyDrive/melanoma_split/train/benign/melanoma_893.jpg,benign
/content/drive/MyDrive/melanoma_split/train/benign/melanoma_4521.jpg,benign
/content/drive/MyDrive/melanoma_split/train/benign/melanoma_2379.jpg,benign
/content/drive/MyDrive/melanoma_split/train/benign/melanoma_3843.jpg,benign
/content/drive/MyDrive/melanoma_split/train/benign/melanoma_2142.jpg,benign
/content/drive/MyDrive/melanoma_split/train/benign/melanoma_788.jpg,benign
/content/drive/MyDrive/melanoma_split/train/benign/melanoma_3879.jpg,benign
/content/drive/MyDrive/melanoma_split/train/benign/melanoma_1286.jpg,benign
/content/drive/MyDrive/melanoma_split/train/benign/melanoma_1272.jpg,benign
/content/drive/MyDrive/melanoma_split/train/benign/melanoma_1666.jpg,benign
/content/drive/MyDrive/melanoma_split/train/benign/melanoma_237.jpg,benign
/content/drive/MyDrive/melanoma_split/train/benign/melanoma_3555.jpg,benign
/content/drive/MyDrive/melanoma_split/train/benign/melanoma_1823.jpg,benign
/content/drive/MyDrive/melanoma_split/train/benign/melanoma_266.jpg,benign
/content/drive/MyDrive/melanoma_split/train/benign/melanoma_3074.jpg,benign
/content/drive/MyDrive/melanoma_split/train/benign/melanoma_3052.jpg,benign
/content/drive/MyDrive/melanoma_split/train/benign/melanoma_4862.jpg,benign
/content/drive/MyDrive/melanoma_split/train/benign/melanoma_3837.jpg,benign
/content/drive/MyDrive/melanoma_split/train/benign/melanoma_1750.jpg,benign
/content/drive/MyDrive/melanoma_split/train/benign/melanoma_3937.jpg,benign
/content/drive/MyDrive/melanoma_split/train/benign/melanoma_3465.jpg,benign
/content/drive/MyDrive/melanoma_split/train/benign/melanoma_4830.jpg,benign
/content/drive/MyDrive/melanoma_split/train/benign/melanoma_1808.jpg,benign
/content/drive/MyDrive/melanoma_split/train/benign/melanoma_2837.jpg,benign
/content/drive/MyDrive/melanoma_split/train/benign/melanoma_3830.jpg,benign
/content/drive/MyDrive/melanoma_split/train/benign/melanoma_2072.jpg,benign
/content/drive/MyDrive/melanoma_split/train/benign/melanoma_1061.jpg,benign
/content/drive/MyDrive/melanoma_split/train/benign/melanoma_1174.jpg,benign
/content/drive/MyDrive/melanoma_split/train/benign/melanoma_3693.jpg,benign
/content/drive/MyDrive/melanoma_split/train/benign/melanoma_91.jpg,benign
/content/drive/MyDrive/melanoma_split/train/benign/melanoma_4904.jpg,benign
/content/drive/MyDrive/melanoma_split/train/benign/melanoma_3603.jpg,benign
/content/drive/MyDrive/melanoma_split/train/benign/melanoma_1197.jpg,benign
/content/drive/MyDrive/melanoma_split/train/benign/melanoma_1010.jpg,benign
/content/drive/MyDrive/melanoma_split/train/benign/melanoma_4704.jpg,benign
/content/drive/MyDrive/melanoma_split/train/benign/melanoma_52.jpg,benign
/content/drive/MyDrive/melanoma_split/train/benign/melanoma_1785.jpg,benign
/content/drive/MyDrive/melanoma_split/train/benign/melanoma_4493.jpg,benign
/content/drive/MyDrive/melanoma_split/train/benign/melanoma_3124.jpg,benign
/content/drive/MyDrive/melanoma_split/train/benign/melanoma_1035.jpg,benign
/content/drive/MyDrive/melanoma_split/train/benign/melanoma_2078.jpg,benign
/content/drive/MyDrive/melanoma_split/train/benign/melanoma_4559.jpg,benign
/content/drive/MyDrive/melanoma_split/train/benign/melanoma_1780.jpg,benign
/content/drive/MyDrive/melanoma_split/train/benign/melanoma_4766.jpg,benign
/content/drive/MyDrive/melanoma_split/train/benign/melanoma_1373.jpg,benign
/content/drive/MyDrive/melanoma_split/train/benign/melanoma_2555.jpg,benign
/content/drive/MyDrive/melanoma_split/train/benign/melanoma_2847.jpg,benign
/content/drive/MyDrive/melanoma_split/train/benign/melanoma_4948.jpg,benign
/content/drive/MyDrive/melanoma_split/train/benign/melanoma_42.jpg,benign
/content/drive/MyDrive/melanoma_split/train/benign/melanoma_4946.jpg,benign
/content/drive/MyDrive/melanoma_split/train/benign/melanoma_3467.jpg,benign
/content/drive/MyDrive/melanoma_split/train/benign/melanoma_4712.jpg,benign
/content/drive/MyDrive/melanoma_split/train/benign/melanoma_792.jpg,benign
/content/drive/MyDrive/melanoma_split/train/benign/melanoma_3619.jpg,benign
/content/drive/MyDrive/melanoma_split/train/benign/melanoma_1717.jpg,benign
/content/drive/MyDrive/melanoma_split/train/benign/melanoma_3548.jpg,benign
/content/drive/MyDrive/melanoma_split/train/benign/melanoma_527.jpg,benign
/content/drive/MyDrive/melanoma_split/train/benign/melanoma_4651.jpg,benign
/content/drive/MyDrive/melanoma_split/train/benign/melanoma_4186.jpg,benign
/content/drive/MyDrive/melanoma_split/train/benign/melanoma_1748.jpg,benign
/content/drive/MyDrive/melanoma_split/train/benign/melanoma_4566.jpg,benign
/content/drive/MyDrive/melanoma_split/train/benign/melanoma_3190.jpg,benign
/content/drive/MyDrive/melanoma_split/train/benign/melanoma_451.jpg,benign
/content/drive/MyDrive/melanoma_split/train/benign/melanoma_1915.jpg,benign
/content/drive/MyDrive/melanoma_split/train/benign/melanoma_1602.jpg,benign
/content/drive/MyDrive/melanoma_split/train/benign/melanoma_977.jpg,benign
/content/drive/MyDrive/melanoma_split/train/benign/melanoma_2663.jpg,benign
/content/drive/MyDrive/melanoma_split/train/benign/melanoma_3446.jpg,benign
/content/drive/MyDrive/melanoma_split/train/benign/melanoma_1387.jpg,benign
/content/drive/MyDrive/melanoma_split/train/benign/melanoma_1386.jpg,benign
/content/drive/MyDrive/melanoma_split/train/benign/melanoma_3803.jpg,benign
/content/drive/MyDrive/melanoma_split/train/benign/melanoma_2901.jpg,benign
/content/drive/MyDrive/melanoma_split/train/benign/melanoma_563.jpg,benign
/content/drive/MyDrive/melanoma_split/train/benign/melanoma_118.jpg,benign
/content/drive/MyDrive/melanoma_split/train/benign/melanoma_2691.jpg,benign
/content/drive/MyDrive/melanoma_split/train/benign/melanoma_3675.jpg,benign
/content/drive/MyDrive/melanoma_split/train/benign/melanoma_1252.jpg,benign
/content/drive/MyDrive/melanoma_split/train/benign/melanoma_1228.jpg,benign
/content/drive/MyDrive/melanoma_split/train/benign/melanoma_3043.jpg,benign
/content/drive/MyDrive/melanoma_split/train/benign/melanoma_1821.jpg,benign
/content/drive/MyDrive/melanoma_split/train/benign/melanoma_1129.jpg,benign
/content/drive/MyDrive/melanoma_split/train/benign/melanoma_1820.jpg,benign
/content/drive/MyDrive/melanoma_split/train/benign/melanoma_2022.jpg,benign
/content/drive/MyDrive/melanoma_split/train/benign/melanoma_3931.jpg,benign
/content/drive/MyDrive/melanoma_split/train/benign/melanoma_471.jpg,benign
/content/drive/MyDrive/melanoma_split/train/benign/melanoma_4416.jpg,benign
/content/drive/MyDrive/melanoma_split/train/benign/melanoma_1034.jpg,benign
/content/drive/MyDrive/melanoma_split/train/benign/melanoma_4981.jpg,benign
/content/drive/MyDrive/melanoma_split/train/benign/melanoma_2049.jpg,benign
/content/drive/MyDrive/melanoma_split/train/benign/melanoma_3172.jpg,benign
/content/drive/MyDrive/melanoma_split/train/benign/melanoma_0.jpg,benign
/content/drive/MyDrive/melanoma_split/train/benign/melanoma_4783.jpg,benign
/content/drive/MyDrive/melanoma_split/train/benign/melanoma_3833.jpg,benign
/content/drive/MyDrive/melanoma_split/train/benign/melanoma_4953.jpg,benign
/content/drive/MyDrive/melanoma_split/train/benign/melanoma_1573.jpg,benign
/content/drive/MyDrive/melanoma_split/train/benign/melanoma_4293.jpg,benign
/content/drive/MyDrive/melanoma_split/train/benign/melanoma_2215.jpg,benign
/content/drive/MyDrive/melanoma_split/train/benign/melanoma_4591.jpg,benign
/content/drive/MyDrive/melanoma_split/train/benign/melanoma_1711.jpg,benign
/content/drive/MyDrive/melanoma_split/train/benign/melanoma_3207.jpg,benign
/content/drive/MyDrive/melanoma_split/train/benign/melanoma_4327.jpg,benign
/content/drive/MyDrive/melanoma_split/train/benign/melanoma_3347.jpg,benign
/content/drive/MyDrive/melanoma_split/train/benign/melanoma_4155.jpg,benign
/content/drive/MyDrive/melanoma_split/train/benign/melanoma_1994.jpg,benign
/content/drive/MyDrive/melanoma_split/train/benign/melanoma_3260.jpg,benign
/content/drive/MyDrive/melanoma_split/train/benign/melanoma_4271.jpg,benign
/content/drive/MyDrive/melanoma_split/train/benign/melanoma_1325.jpg,benign
/content/drive/MyDrive/melanoma_split/train/benign/melanoma_2793.jpg,benign
/content/drive/MyDrive/melanoma_split/train/benign/melanoma_1642.jpg,benign
/content/drive/MyDrive/melanoma_split/train/benign/melanoma_3787.jpg,benign
/content/drive/MyDrive/melanoma_split/train/benign/melanoma_2780.jpg,benign
/content/drive/MyDrive/melanoma_split/train/benign/melanoma_4756.jpg,benign
/content/drive/MyDrive/melanoma_split/train/benign/melanoma_3639.jpg,benign
/content/drive/MyDrive/melanoma_split/train/benign/melanoma_4278.jpg,benign
/content/drive/MyDrive/melanoma_split/train/benign/melanoma_4474.jpg,benign
/content/drive/MyDrive/melanoma_split/train/benign/melanoma_1003.jpg,benign
/content/drive/MyDrive/melanoma_split/train/benign/melanoma_2564.jpg,benign
/content/drive/MyDrive/melanoma_split/train/benign/melanoma_644.jpg,benign
/content/drive/MyDrive/melanoma_split/train/benign/melanoma_2490.jpg,benign
/content/drive/MyDrive/melanoma_split/train/benign/melanoma_1990.jpg,benign
/content/drive/MyDrive/melanoma_split/train/benign/melanoma_4939.jpg,benign
/content/drive/MyDrive/melanoma_split/train/benign/melanoma_2083.jpg,benign
/content/drive/MyDrive/melanoma_split/train/benign/melanoma_3354.jpg,benign
/content/drive/MyDrive/melanoma_split/train/benign/melanoma_3807.jpg,benign
/content/drive/MyDrive/melanoma_split/train/benign/melanoma_1920.jpg,benign
/content/drive/MyDrive/melanoma_split/train/benign/melanoma_3748.jpg,benign
/content/drive/MyDrive/melanoma_split/train/benign/melanoma_4871.jpg,benign
/content/drive/MyDrive/melanoma_split/train/benign/melanoma_4322.jpg,benign
/content/drive/MyDrive/melanoma_split/train/benign/melanoma_3523.jpg,benign
/content/drive/MyDrive/melanoma_split/train/benign/melanoma_135.jpg,benign
/content/drive/MyDrive/melanoma_split/train/benign/melanoma_3645.jpg,benign
/content/drive/MyDrive/melanoma_split/train/benign/melanoma_4572.jpg,benign
/content/drive/MyDrive/melanoma_split/train/benign/melanoma_1017.jpg,benign
/content/drive/MyDrive/melanoma_split/train/benign/melanoma_4603.jpg,benign
/content/drive/MyDrive/melanoma_split/train/benign/melanoma_2994.jpg,benign
/content/drive/MyDrive/melanoma_split/train/benign/melanoma_1862.jpg,benign
/content/drive/MyDrive/melanoma_split/train/benign/melanoma_704.jpg,benign
/content/drive/MyDrive/melanoma_split/train/benign/melanoma_262.jpg,benign
/content/drive/MyDrive/melanoma_split/train/benign/melanoma_4563.jpg,benign
/content/drive/MyDrive/melanoma_split/train/benign/melanoma_2258.jpg,benign
/content/drive/MyDrive/melanoma_split/train/benign/melanoma_2275.jpg,benign
/content/drive/MyDrive/melanoma_split/train/benign/melanoma_4920.jpg,benign
/content/drive/MyDrive/melanoma_split/train/benign/melanoma_3166.jpg,benign
/content/drive/MyDrive/melanoma_split/train/benign/melanoma_4860.jpg,benign
/content/drive/MyDrive/melanoma_split/train/benign/melanoma_801.jpg,benign
/content/drive/MyDrive/melanoma_split/train/benign/melanoma_4821.jpg,benign
/content/drive/MyDrive/melanoma_split/train/benign/melanoma_581.jpg,benign
/content/drive/MyDrive/melanoma_split/train/benign/melanoma_3263.jpg,benign
/content/drive/MyDrive/melanoma_split/train/benign/melanoma_1528.jpg,benign
/content/drive/MyDrive/melanoma_split/train/benign/melanoma_1336.jpg,benign
/content/drive/MyDrive/melanoma_split/train/benign/melanoma_4224.jpg,benign
/content/drive/MyDrive/melanoma_split/train/benign/melanoma_1089.jpg,benign
/content/drive/MyDrive/melanoma_split/train/benign/melanoma_3760.jpg,benign
/content/drive/MyDrive/melanoma_split/train/benign/melanoma_613.jpg,benign
/content/drive/MyDrive/melanoma_split/train/benign/melanoma_276.jpg,benign
/content/drive/MyDrive/melanoma_split/train/benign/melanoma_2798.jpg,benign
/content/drive/MyDrive/melanoma_split/train/benign/melanoma_1432.jpg,benign
/content/drive/MyDrive/melanoma_split/train/benign/melanoma_1767.jpg,benign
/content/drive/MyDrive/melanoma_split/train/benign/melanoma_2184.jpg,benign
/content/drive/MyDrive/melanoma_split/train/benign/melanoma_234.jpg,benign
/content/drive/MyDrive/melanoma_split/train/benign/melanoma_3096.jpg,benign
/content/drive/MyDrive/melanoma_split/train/benign/melanoma_864.jpg,benign
/content/drive/MyDrive/melanoma_split/train/benign/melanoma_2458.jpg,benign
/content/drive/MyDrive/melanoma_split/train/benign/melanoma_3098.jpg,benign
/content/drive/MyDrive/melanoma_split/train/benign/melanoma_3730.jpg,benign
/content/drive/MyDrive/melanoma_split/train/benign/melanoma_1913.jpg,benign
/content/drive/MyDrive/melanoma_split/train/benign/melanoma_2932.jpg,benign
/content/drive/MyDrive/melanoma_split/train/benign/melanoma_3029.jpg,benign
/content/drive/MyDrive/melanoma_split/train/benign/melanoma_3713.jpg,benign
/content/drive/MyDrive/melanoma_split/train/benign/melanoma_1838.jpg,benign
/content/drive/MyDrive/melanoma_split/train/benign/melanoma_956.jpg,benign
/content/drive/MyDrive/melanoma_split/train/benign/melanoma_2900.jpg,benign
/content/drive/MyDrive/melanoma_split/train/benign/melanoma_197.jpg,benign
/content/drive/MyDrive/melanoma_split/train/benign/melanoma_4469.jpg,benign
/content/drive/MyDrive/melanoma_split/train/benign/melanoma_3854.jpg,benign
/content/drive/MyDrive/melanoma_split/train/benign/melanoma_477.jpg,benign
/content/drive/MyDrive/melanoma_split/train/benign/melanoma_2440.jpg,benign
/content/drive/MyDrive/melanoma_split/train/benign/melanoma_3273.jpg,benign
/content/drive/MyDrive/melanoma_split/train/benign/melanoma_2432.jpg,benign
/content/drive/MyDrive/melanoma_split/train/benign/melanoma_1422.jpg,benign
/content/drive/MyDrive/melanoma_split/train/benign/melanoma_2922.jpg,benign
/content/drive/MyDrive/melanoma_split/train/benign/melanoma_3890.jpg,benign
/content/drive/MyDrive/melanoma_split/train/benign/melanoma_3303.jpg,benign
/content/drive/MyDrive/melanoma_split/train/benign/melanoma_914.jpg,benign
/content/drive/MyDrive/melanoma_split/train/benign/melanoma_2590.jpg,benign
/content/drive/MyDrive/melanoma_split/train/benign/melanoma_1347.jpg,benign
/content/drive/MyDrive/melanoma_split/train/benign/melanoma_3390.jpg,benign
/content/drive/MyDrive/melanoma_split/train/benign/melanoma_2494.jpg,benign
/content/drive/MyDrive/melanoma_split/train/benign/melanoma_2941.jpg,benign
/content/drive/MyDrive/melanoma_split/train/benign/melanoma_3772.jpg,benign
/content/drive/MyDrive/melanoma_split/train/benign/melanoma_4480.jpg,benign
/content/drive/MyDrive/melanoma_split/train/benign/melanoma_2060.jpg,benign
/content/drive/MyDrive/melanoma_split/train/benign/melanoma_971.jpg,benign
/content/drive/MyDrive/melanoma_split/train/benign/melanoma_2103.jpg,benign
/content/drive/MyDrive/melanoma_split/train/benign/melanoma_1478.jpg,benign
/content/drive/MyDrive/melanoma_split/train/benign/melanoma_2913.jpg,benign
/content/drive/MyDrive/melanoma_split/train/benign/melanoma_2410.jpg,benign
/content/drive/MyDrive/melanoma_split/train/benign/melanoma_3608.jpg,benign
/content/drive/MyDrive/melanoma_split/train/benign/melanoma_3701.jpg,benign
/content/drive/MyDrive/melanoma_split/train/benign/melanoma_2053.jpg,benign
/content/drive/MyDrive/melanoma_split/train/benign/melanoma_3672.jpg,benign
/content/drive/MyDrive/melanoma_split/train/benign/melanoma_4433.jpg,benign
/content/drive/MyDrive/melanoma_split/train/benign/melanoma_80.jpg,benign
/content/drive/MyDrive/melanoma_split/train/benign/melanoma_76.jpg,benign
/content/drive/MyDrive/melanoma_split/train/benign/melanoma_1726.jpg,benign
/content/drive/MyDrive/melanoma_split/train/benign/melanoma_895.jpg,benign
/content/drive/MyDrive/melanoma_split/train/benign/melanoma_1565.jpg,benign
/content/drive/MyDrive/melanoma_split/train/benign/melanoma_3078.jpg,benign
/content/drive/MyDrive/melanoma_split/train/benign/melanoma_2581.jpg,benign
/content/drive/MyDrive/melanoma_split/train/benign/melanoma_1264.jpg,benign
/content/drive/MyDrive/melanoma_split/train/benign/melanoma_1438.jpg,benign
/content/drive/MyDrive/melanoma_split/train/benign/melanoma_2262.jpg,benign
/content/drive/MyDrive/melanoma_split/train/benign/melanoma_3648.jpg,benign
/content/drive/MyDrive/melanoma_split/train/benign/melanoma_311.jpg,benign
/content/drive/MyDrive/melanoma_split/train/benign/melanoma_1533.jpg,benign
/content/drive/MyDrive/melanoma_split/train/benign/melanoma_3769.jpg,benign
/content/drive/MyDrive/melanoma_split/train/benign/melanoma_1843.jpg,benign
/content/drive/MyDrive/melanoma_split/train/benign/melanoma_605.jpg,benign
/content/drive/MyDrive/melanoma_split/train/benign/melanoma_4471.jpg,benign
/content/drive/MyDrive/melanoma_split/train/benign/melanoma_1261.jpg,benign
/content/drive/MyDrive/melanoma_split/train/benign/melanoma_2894.jpg,benign
/content/drive/MyDrive/melanoma_split/train/benign/melanoma_3544.jpg,benign
/content/drive/MyDrive/melanoma_split/train/benign/melanoma_3633.jpg,benign
/content/drive/MyDrive/melanoma_split/train/benign/melanoma_1690.jpg,benign
/content/drive/MyDrive/melanoma_split/train/benign/melanoma_3774.jpg,benign
/content/drive/MyDrive/melanoma_split/train/benign/melanoma_1654.jpg,benign
/content/drive/MyDrive/melanoma_split/train/benign/melanoma_954.jpg,benign
/content/drive/MyDrive/melanoma_split/train/benign/melanoma_3481.jpg,benign
/content/drive/MyDrive/melanoma_split/train/benign/melanoma_2470.jpg,benign
/content/drive/MyDrive/melanoma_split/train/benign/melanoma_203.jpg,benign
/content/drive/MyDrive/melanoma_split/train/benign/melanoma_860.jpg,benign
/content/drive/MyDrive/melanoma_split/train/benign/melanoma_3519.jpg,benign
/content/drive/MyDrive/melanoma_split/train/benign/melanoma_925.jpg,benign
/content/drive/MyDrive/melanoma_split/train/benign/melanoma_2042.jpg,benign
/content/drive/MyDrive/melanoma_split/train/benign/melanoma_1024.jpg,benign
/content/drive/MyDrive/melanoma_split/train/benign/melanoma_3003.jpg,benign
/content/drive/MyDrive/melanoma_split/train/benign/melanoma_4396.jpg,benign
/content/drive/MyDrive/melanoma_split/train/benign/melanoma_25.jpg,benign
/content/drive/MyDrive/melanoma_split/train/benign/melanoma_415.jpg,benign
/content/drive/MyDrive/melanoma_split/train/benign/melanoma_934.jpg,benign
/content/drive/MyDrive/melanoma_split/train/benign/melanoma_2336.jpg,benign
/content/drive/MyDrive/melanoma_split/train/benign/melanoma_827.jpg,benign
/content/drive/MyDrive/melanoma_split/train/benign/melanoma_1117.jpg,benign
/content/drive/MyDrive/melanoma_split/train/benign/melanoma_4835.jpg,benign
/content/drive/MyDrive/melanoma_split/train/benign/melanoma_2616.jpg,benign
/content/drive/MyDrive/melanoma_split/train/benign/melanoma_2493.jpg,benign
/content/drive/MyDrive/melanoma_split/train/benign/melanoma_1655.jpg,benign
/content/drive/MyDrive/melanoma_split/train/benign/melanoma_1137.jpg,benign
/content/drive/MyDrive/melanoma_split/train/benign/melanoma_1146.jpg,benign
/content/drive/MyDrive/melanoma_split/train/benign/melanoma_4175.jpg,benign
/content/drive/MyDrive/melanoma_split/train/benign/melanoma_1638.jpg,benign
/content/drive/MyDrive/melanoma_split/train/benign/melanoma_686.jpg,benign
/content/drive/MyDrive/melanoma_split/train/benign/melanoma_173.jpg,benign
/content/drive/MyDrive/melanoma_split/train/benign/melanoma_1950.jpg,benign
/content/drive/MyDrive/melanoma_split/train/benign/melanoma_2528.jpg,benign
/content/drive/MyDrive/melanoma_split/train/benign/melanoma_275.jpg,benign
/content/drive/MyDrive/melanoma_split/train/benign/melanoma_2991.jpg,benign
/content/drive/MyDrive/melanoma_split/train/benign/melanoma_1091.jpg,benign
/content/drive/MyDrive/melanoma_split/train/benign/melanoma_1772.jpg,benign
/content/drive/MyDrive/melanoma_split/train/malignant/melanoma_6217.jpg,malignant
/content/drive/MyDrive/melanoma_split/train/malignant/melanoma_6724.jpg,malignant
/content/drive/MyDrive/melanoma_split/train/malignant/melanoma_5913.jpg,malignant
/content/drive/MyDrive/melanoma_split/train/malignant/melanoma_7468.jpg,malignant
/content/drive/MyDrive/melanoma_split/train/malignant/melanoma_7921.jpg,malignant
/content/drive/MyDrive/melanoma_split/train/malignant/melanoma_8933.jpg,malignant
/content/drive/MyDrive/melanoma_split/train/malignant/melanoma_5817.jpg,malignant
/content/drive/MyDrive/melanoma_split/train/malignant/melanoma_6818.jpg,malignant
/content/drive/MyDrive/melanoma_split/train/malignant/melanoma_8241.jpg,malignant
/content/drive/MyDrive/melanoma_split/train/malignant/melanoma_6350.jpg,malignant
/content/drive/MyDrive/melanoma_split/train/malignant/melanoma_5010.jpg,malignant
/content/drive/MyDrive/melanoma_split/train/malignant/melanoma_9433.jpg,malignant
/content/drive/MyDrive/melanoma_split/train/malignant/melanoma_5342.jpg,malignant
/content/drive/MyDrive/melanoma_split/train/malignant/melanoma_8918.jpg,malignant
/content/drive/MyDrive/melanoma_split/train/malignant/melanoma_7372.jpg,malignant
/content/drive/MyDrive/melanoma_split/train/malignant/melanoma_8471.jpg,malignant
/content/drive/MyDrive/melanoma_split/train/malignant/melanoma_7620.jpg,malignant
/content/drive/MyDrive/melanoma_split/train/malignant/melanoma_7654.jpg,malignant
/content/drive/MyDrive/melanoma_split/train/malignant/melanoma_6802.jpg,malignant
/content/drive/MyDrive/melanoma_split/train/malignant/melanoma_7310.jpg,malignant
/content/drive/MyDrive/melanoma_split/train/malignant/melanoma_6294.jpg,malignant
/content/drive/MyDrive/melanoma_split/train/malignant/melanoma_6517.jpg,malignant
/content/drive/MyDrive/melanoma_split/train/malignant/melanoma_7328.jpg,malignant
/content/drive/MyDrive/melanoma_split/train/malignant/melanoma_6921.jpg,malignant
/content/drive/MyDrive/melanoma_split/train/malignant/melanoma_6479.jpg,malignant
/content/drive/MyDrive/melanoma_split/train/malignant/melanoma_7738.jpg,malignant
/content/drive/MyDrive/melanoma_split/train/malignant/melanoma_5736.jpg,malignant
/content/drive/MyDrive/melanoma_split/train/malignant/melanoma_8219.jpg,malignant
/content/drive/MyDrive/melanoma_split/train/malignant/melanoma_5402.jpg,malignant
/content/drive/MyDrive/melanoma_split/train/malignant/melanoma_8919.jpg,malignant
/content/drive/MyDrive/melanoma_split/train/malignant/melanoma_6335.jpg,malignant
/content/drive/MyDrive/melanoma_split/train/malignant/melanoma_6940.jpg,malignant
/content/drive/MyDrive/melanoma_split/train/malignant/melanoma_6989.jpg,malignant
/content/drive/MyDrive/melanoma_split/train/malignant/melanoma_5001.jpg,malignant
/content/drive/MyDrive/melanoma_split/train/malignant/melanoma_8630.jpg,malignant
/content/drive/MyDrive/melanoma_split/train/malignant/melanoma_6670.jpg,malignant
/content/drive/MyDrive/melanoma_split/train/malignant/melanoma_6891.jpg,malignant
/content/drive/MyDrive/melanoma_split/train/malignant/melanoma_6345.jpg,malignant
/content/drive/MyDrive/melanoma_split/train/malignant/melanoma_6562.jpg,malignant
/content/drive/MyDrive/melanoma_split/train/malignant/melanoma_6994.jpg,malignant
/content/drive/MyDrive/melanoma_split/train/malignant/melanoma_5157.jpg,malignant
/content/drive/MyDrive/melanoma_split/train/malignant/melanoma_7733.jpg,malignant
/content/drive/MyDrive/melanoma_split/train/malignant/melanoma_5051.jpg,malignant
/content/drive/MyDrive/melanoma_split/train/malignant/melanoma_7351.jpg,malignant
/content/drive/MyDrive/melanoma_split/train/malignant/melanoma_8712.jpg,malignant
/content/drive/MyDrive/melanoma_split/train/malignant/melanoma_8142.jpg,malignant
/content/drive/MyDrive/melanoma_split/train/malignant/melanoma_7737.jpg,malignant
/content/drive/MyDrive/melanoma_split/train/malignant/melanoma_5809.jpg,malignant
/content/drive/MyDrive/melanoma_split/train/malignant/melanoma_5674.jpg,malignant
/content/drive/MyDrive/melanoma_split/train/malignant/melanoma_7420.jpg,malignant
/content/drive/MyDrive/melanoma_split/train/malignant/melanoma_7604.jpg,malignant
/content/drive/MyDrive/melanoma_split/train/malignant/melanoma_7241.jpg,malignant
/content/drive/MyDrive/melanoma_split/train/malignant/melanoma_9223.jpg,malignant
/content/drive/MyDrive/melanoma_split/train/malignant/melanoma_5808.jpg,malignant
/content/drive/MyDrive/melanoma_split/train/malignant/melanoma_5723.jpg,malignant
/content/drive/MyDrive/melanoma_split/train/malignant/melanoma_8975.jpg,malignant
/content/drive/MyDrive/melanoma_split/train/malignant/melanoma_6543.jpg,malignant
/content/drive/MyDrive/melanoma_split/train/malignant/melanoma_8078.jpg,malignant
/content/drive/MyDrive/melanoma_split/train/malignant/melanoma_9538.jpg,malignant
/content/drive/MyDrive/melanoma_split/train/malignant/melanoma_8643.jpg,malignant
/content/drive/MyDrive/melanoma_split/train/malignant/melanoma_8892.jpg,malignant
/content/drive/MyDrive/melanoma_split/train/malignant/melanoma_5394.jpg,malignant
/content/drive/MyDrive/melanoma_split/train/malignant/melanoma_5560.jpg,malignant
/content/drive/MyDrive/melanoma_split/train/malignant/melanoma_8879.jpg,malignant
/content/drive/MyDrive/melanoma_split/train/malignant/melanoma_8909.jpg,malignant
/content/drive/MyDrive/melanoma_split/train/malignant/melanoma_8852.jpg,malignant
/content/drive/MyDrive/melanoma_split/train/malignant/melanoma_5900.jpg,malignant
/content/drive/MyDrive/melanoma_split/train/malignant/melanoma_8060.jpg,malignant
/content/drive/MyDrive/melanoma_split/train/malignant/melanoma_6605.jpg,malignant
/content/drive/MyDrive/melanoma_split/train/malignant/melanoma_9577.jpg,malignant
/content/drive/MyDrive/melanoma_split/train/malignant/melanoma_6783.jpg,malignant
/content/drive/MyDrive/melanoma_split/train/malignant/melanoma_6534.jpg,malignant
/content/drive/MyDrive/melanoma_split/train/malignant/melanoma_7753.jpg,malignant
/content/drive/MyDrive/melanoma_split/train/malignant/melanoma_6846.jpg,malignant
/content/drive/MyDrive/melanoma_split/train/malignant/melanoma_6938.jpg,malignant
/content/drive/MyDrive/melanoma_split/train/malignant/melanoma_7925.jpg,malignant
/content/drive/MyDrive/melanoma_split/train/malignant/melanoma_8477.jpg,malignant
/content/drive/MyDrive/melanoma_split/train/malignant/melanoma_7957.jpg,malignant
/content/drive/MyDrive/melanoma_split/train/malignant/melanoma_8216.jpg,malignant
/content/drive/MyDrive/melanoma_split/train/malignant/melanoma_7338.jpg,malignant
/content/drive/MyDrive/melanoma_split/train/malignant/melanoma_7384.jpg,malignant
/content/drive/MyDrive/melanoma_split/train/malignant/melanoma_9574.jpg,malignant
/content/drive/MyDrive/melanoma_split/train/malignant/melanoma_7579.jpg,malignant
/content/drive/MyDrive/melanoma_split/train/malignant/melanoma_7705.jpg,malignant
/content/drive/MyDrive/melanoma_split/train/malignant/melanoma_8703.jpg,malignant
/content/drive/MyDrive/melanoma_split/train/malignant/melanoma_6199.jpg,malignant
/content/drive/MyDrive/melanoma_split/train/malignant/melanoma_9132.jpg,malignant
/content/drive/MyDrive/melanoma_split/train/malignant/melanoma_6686.jpg,malignant
/content/drive/MyDrive/melanoma_split/train/malignant/melanoma_8715.jpg,malignant
/content/drive/MyDrive/melanoma_split/train/malignant/melanoma_7517.jpg,malignant
/content/drive/MyDrive/melanoma_split/train/malignant/melanoma_8455.jpg,malignant
/content/drive/MyDrive/melanoma_split/train/malignant/melanoma_5547.jpg,malignant
/content/drive/MyDrive/melanoma_split/train/malignant/melanoma_5805.jpg,malignant
/content/drive/MyDrive/melanoma_split/train/malignant/melanoma_6915.jpg,malignant
/content/drive/MyDrive/melanoma_split/train/malignant/melanoma_8650.jpg,malignant
/content/drive/MyDrive/melanoma_split/train/malignant/melanoma_7563.jpg,malignant
/content/drive/MyDrive/melanoma_split/train/malignant/melanoma_5895.jpg,malignant
/content/drive/MyDrive/melanoma_split/train/malignant/melanoma_5268.jpg,malignant
/content/drive/MyDrive/melanoma_split/train/malignant/melanoma_5860.jpg,malignant
/content/drive/MyDrive/melanoma_split/train/malignant/melanoma_5574.jpg,malignant
/content/drive/MyDrive/melanoma_split/train/malignant/melanoma_8105.jpg,malignant
/content/drive/MyDrive/melanoma_split/train/malignant/melanoma_6972.jpg,malignant
/content/drive/MyDrive/melanoma_split/train/malignant/melanoma_6525.jpg,malignant
/content/drive/MyDrive/melanoma_split/train/malignant/melanoma_8851.jpg,malignant
/content/drive/MyDrive/melanoma_split/train/malignant/melanoma_8526.jpg,malignant
/content/drive/MyDrive/melanoma_split/train/malignant/melanoma_7708.jpg,malignant
/content/drive/MyDrive/melanoma_split/train/malignant/melanoma_5362.jpg,malignant
/content/drive/MyDrive/melanoma_split/train/malignant/melanoma_9075.jpg,malignant
/content/drive/MyDrive/melanoma_split/train/malignant/melanoma_8744.jpg,malignant
/content/drive/MyDrive/melanoma_split/train/malignant/melanoma_5312.jpg,malignant
/content/drive/MyDrive/melanoma_split/train/malignant/melanoma_9211.jpg,malignant
/content/drive/MyDrive/melanoma_split/train/malignant/melanoma_5543.jpg,malignant
/content/drive/MyDrive/melanoma_split/train/malignant/melanoma_8169.jpg,malignant
/content/drive/MyDrive/melanoma_split/train/malignant/melanoma_9015.jpg,malignant
/content/drive/MyDrive/melanoma_split/train/malignant/melanoma_5476.jpg,malignant
/content/drive/MyDrive/melanoma_split/train/malignant/melanoma_6072.jpg,malignant
/content/drive/MyDrive/melanoma_split/train/malignant/melanoma_9067.jpg,malignant
/content/drive/MyDrive/melanoma_split/train/malignant/melanoma_7044.jpg,malignant
/content/drive/MyDrive/melanoma_split/train/malignant/melanoma_8309.jpg,malignant
/content/drive/MyDrive/melanoma_split/train/malignant/melanoma_9420.jpg,malignant
/content/drive/MyDrive/melanoma_split/train/malignant/melanoma_9063.jpg,malignant
/content/drive/MyDrive/melanoma_split/train/malignant/melanoma_7795.jpg,malignant
/content/drive/MyDrive/melanoma_split/train/malignant/melanoma_6276.jpg,malignant
/content/drive/MyDrive/melanoma_split/train/malignant/melanoma_6587.jpg,malignant
/content/drive/MyDrive/melanoma_split/train/malignant/melanoma_6580.jpg,malignant
/content/drive/MyDrive/melanoma_split/train/malignant/melanoma_5539.jpg,malignant
/content/drive/MyDrive/melanoma_split/train/malignant/melanoma_9356.jpg,malignant
/content/drive/MyDrive/melanoma_split/train/malignant/melanoma_5493.jpg,malignant
/content/drive/MyDrive/melanoma_split/train/malignant/melanoma_6376.jpg,malignant
/content/drive/MyDrive/melanoma_split/train/malignant/melanoma_5103.jpg,malignant
/content/drive/MyDrive/melanoma_split/train/malignant/melanoma_7397.jpg,malignant
/content/drive/MyDrive/melanoma_split/train/malignant/melanoma_6695.jpg,malignant
/content/drive/MyDrive/melanoma_split/train/malignant/melanoma_8803.jpg,malignant
/content/drive/MyDrive/melanoma_split/train/malignant/melanoma_5563.jpg,malignant
/content/drive/MyDrive/melanoma_split/train/malignant/melanoma_9397.jpg,malignant
/content/drive/MyDrive/melanoma_split/train/malignant/melanoma_6125.jpg,malignant
/content/drive/MyDrive/melanoma_split/train/malignant/melanoma_8350.jpg,malignant
/content/drive/MyDrive/melanoma_split/train/malignant/melanoma_5099.jpg,malignant
/content/drive/MyDrive/melanoma_split/train/malignant/melanoma_7342.jpg,malignant
/content/drive/MyDrive/melanoma_split/train/malignant/melanoma_7302.jpg,malignant
/content/drive/MyDrive/melanoma_split/train/malignant/melanoma_9407.jpg,malignant
/content/drive/MyDrive/melanoma_split/train/malignant/melanoma_6655.jpg,malignant
/content/drive/MyDrive/melanoma_split/train/malignant/melanoma_5004.jpg,malignant
/content/drive/MyDrive/melanoma_split/train/malignant/melanoma_7099.jpg,malignant
/content/drive/MyDrive/melanoma_split/train/malignant/melanoma_8449.jpg,malignant
/content/drive/MyDrive/melanoma_split/train/malignant/melanoma_5708.jpg,malignant
/content/drive/MyDrive/melanoma_split/train/malignant/melanoma_8692.jpg,malignant
/content/drive/MyDrive/melanoma_split/train/malignant/melanoma_5656.jpg,malignant
/content/drive/MyDrive/melanoma_split/train/malignant/melanoma_5353.jpg,malignant
/content/drive/MyDrive/melanoma_split/train/malignant/melanoma_6037.jpg,malignant
/content/drive/MyDrive/melanoma_split/train/malignant/melanoma_7888.jpg,malignant
/content/drive/MyDrive/melanoma_split/train/malignant/melanoma_5811.jpg,malignant
/content/drive/MyDrive/melanoma_split/train/malignant/melanoma_5426.jpg,malignant
/content/drive/MyDrive/melanoma_split/train/malignant/melanoma_5248.jpg,malignant
/content/drive/MyDrive/melanoma_split/train/malignant/melanoma_7516.jpg,malignant
/content/drive/MyDrive/melanoma_split/train/malignant/melanoma_9558.jpg,malignant
/content/drive/MyDrive/melanoma_split/train/malignant/melanoma_6195.jpg,malignant
/content/drive/MyDrive/melanoma_split/train/malignant/melanoma_6718.jpg,malignant
/content/drive/MyDrive/melanoma_split/train/malignant/melanoma_8761.jpg,malignant
/content/drive/MyDrive/melanoma_split/train/malignant/melanoma_8622.jpg,malignant
/content/drive/MyDrive/melanoma_split/train/malignant/melanoma_8166.jpg,malignant
/content/drive/MyDrive/melanoma_split/train/malignant/melanoma_5877.jpg,malignant
/content/drive/MyDrive/melanoma_split/train/malignant/melanoma_6674.jpg,malignant
/content/drive/MyDrive/melanoma_split/train/malignant/melanoma_5508.jpg,malignant
/content/drive/MyDrive/melanoma_split/train/malignant/melanoma_5958.jpg,malignant
/content/drive/MyDrive/melanoma_split/train/malignant/melanoma_7741.jpg,malignant
/content/drive/MyDrive/melanoma_split/train/malignant/melanoma_6211.jpg,malignant
/content/drive/MyDrive/melanoma_split/train/malignant/melanoma_5627.jpg,malignant
/content/drive/MyDrive/melanoma_split/train/malignant/melanoma_5634.jpg,malignant
/content/drive/MyDrive/melanoma_split/train/malignant/melanoma_7347.jpg,malignant
/content/drive/MyDrive/melanoma_split/train/malignant/melanoma_5317.jpg,malignant
/content/drive/MyDrive/melanoma_split/train/malignant/melanoma_8340.jpg,malignant
/content/drive/MyDrive/melanoma_split/train/malignant/melanoma_6635.jpg,malignant
/content/drive/MyDrive/melanoma_split/train/malignant/melanoma_5285.jpg,malignant
/content/drive/MyDrive/melanoma_split/train/malignant/melanoma_8980.jpg,malignant
/content/drive/MyDrive/melanoma_split/train/malignant/melanoma_9460.jpg,malignant
/content/drive/MyDrive/melanoma_split/train/malignant/melanoma_5988.jpg,malignant
/content/drive/MyDrive/melanoma_split/train/malignant/melanoma_8840.jpg,malignant
/content/drive/MyDrive/melanoma_split/train/malignant/melanoma_8778.jpg,malignant
/content/drive/MyDrive/melanoma_split/train/malignant/melanoma_8578.jpg,malignant
/content/drive/MyDrive/melanoma_split/train/malignant/melanoma_9136.jpg,malignant
/content/drive/MyDrive/melanoma_split/train/malignant/melanoma_6875.jpg,malignant
/content/drive/MyDrive/melanoma_split/train/malignant/melanoma_9418.jpg,malignant
/content/drive/MyDrive/melanoma_split/train/malignant/melanoma_6103.jpg,malignant
/content/drive/MyDrive/melanoma_split/train/malignant/melanoma_7212.jpg,malignant
/content/drive/MyDrive/melanoma_split/train/malignant/melanoma_8706.jpg,malignant
/content/drive/MyDrive/melanoma_split/train/malignant/melanoma_8401.jpg,malignant
/content/drive/MyDrive/melanoma_split/train/malignant/melanoma_7699.jpg,malignant
/content/drive/MyDrive/melanoma_split/train/malignant/melanoma_7356.jpg,malignant
/content/drive/MyDrive/melanoma_split/train/malignant/melanoma_6139.jpg,malignant
/content/drive/MyDrive/melanoma_split/train/malignant/melanoma_7569.jpg,malignant
/content/drive/MyDrive/melanoma_split/train/malignant/melanoma_9005.jpg,malignant
/content/drive/MyDrive/melanoma_split/train/malignant/melanoma_5166.jpg,malignant
/content/drive/MyDrive/melanoma_split/train/malignant/melanoma_6073.jpg,malignant
/content/drive/MyDrive/melanoma_split/train/malignant/melanoma_9178.jpg,malignant
/content/drive/MyDrive/melanoma_split/train/malignant/melanoma_7055.jpg,malignant
/content/drive/MyDrive/melanoma_split/train/malignant/melanoma_5021.jpg,malignant
/content/drive/MyDrive/melanoma_split/train/malignant/melanoma_8357.jpg,malignant
/content/drive/MyDrive/melanoma_split/train/malignant/melanoma_5734.jpg,malignant
/content/drive/MyDrive/melanoma_split/train/malignant/melanoma_6481.jpg,malignant
/content/drive/MyDrive/melanoma_split/train/malignant/melanoma_5885.jpg,malignant
/content/drive/MyDrive/melanoma_split/train/malignant/melanoma_6174.jpg,malignant
/content/drive/MyDrive/melanoma_split/train/malignant/melanoma_5788.jpg,malignant
/content/drive/MyDrive/melanoma_split/train/malignant/melanoma_8973.jpg,malignant
/content/drive/MyDrive/melanoma_split/train/malignant/melanoma_6098.jpg,malignant
/content/drive/MyDrive/melanoma_split/train/malignant/melanoma_7799.jpg,malignant
/content/drive/MyDrive/melanoma_split/train/malignant/melanoma_7033.jpg,malignant
/content/drive/MyDrive/melanoma_split/train/malignant/melanoma_7293.jpg,malignant
/content/drive/MyDrive/melanoma_split/train/malignant/melanoma_7793.jpg,malignant
/content/drive/MyDrive/melanoma_split/train/malignant/melanoma_8131.jpg,malignant
/content/drive/MyDrive/melanoma_split/train/malignant/melanoma_5835.jpg,malignant
/content/drive/MyDrive/melanoma_split/train/malignant/melanoma_7496.jpg,malignant
/content/drive/MyDrive/melanoma_split/train/malignant/melanoma_5761.jpg,malignant
/content/drive/MyDrive/melanoma_split/train/malignant/melanoma_7058.jpg,malignant
/content/drive/MyDrive/melanoma_split/train/malignant/melanoma_7498.jpg,malignant
/content/drive/MyDrive/melanoma_split/train/malignant/melanoma_6284.jpg,malignant
/content/drive/MyDrive/melanoma_split/train/malignant/melanoma_5774.jpg,malignant
/content/drive/MyDrive/melanoma_split/train/malignant/melanoma_8337.jpg,malignant
/content/drive/MyDrive/melanoma_split/train/malignant/melanoma_5894.jpg,malignant
/content/drive/MyDrive/melanoma_split/train/malignant/melanoma_5986.jpg,malignant
/content/drive/MyDrive/melanoma_split/train/malignant/melanoma_9442.jpg,malignant
/content/drive/MyDrive/melanoma_split/train/malignant/melanoma_8149.jpg,malignant
/content/drive/MyDrive/melanoma_split/train/malignant/melanoma_6784.jpg,malignant
/content/drive/MyDrive/melanoma_split/train/malignant/melanoma_6458.jpg,malignant
/content/drive/MyDrive/melanoma_split/train/malignant/melanoma_9051.jpg,malignant
/content/drive/MyDrive/melanoma_split/train/malignant/melanoma_9451.jpg,malignant
/content/drive/MyDrive/melanoma_split/train/malignant/melanoma_6684.jpg,malignant
/content/drive/MyDrive/melanoma_split/train/malignant/melanoma_6393.jpg,malignant
/content/drive/MyDrive/melanoma_split/train/malignant/melanoma_7051.jpg,malignant
/content/drive/MyDrive/melanoma_split/train/malignant/melanoma_9493.jpg,malignant
/content/drive/MyDrive/melanoma_split/train/malignant/melanoma_8813.jpg,malignant
/content/drive/MyDrive/melanoma_split/train/malignant/melanoma_9045.jpg,malignant
/content/drive/MyDrive/melanoma_split/train/malignant/melanoma_7254.jpg,malignant
/content/drive/MyDrive/melanoma_split/train/malignant/melanoma_7509.jpg,malignant
/content/drive/MyDrive/melanoma_split/train/malignant/melanoma_9299.jpg,malignant
/content/drive/MyDrive/melanoma_split/train/malignant/melanoma_8527.jpg,malignant
/content/drive/MyDrive/melanoma_split/train/malignant/melanoma_7617.jpg,malignant
/content/drive/MyDrive/melanoma_split/train/malignant/melanoma_6644.jpg,malignant
/content/drive/MyDrive/melanoma_split/train/malignant/melanoma_5873.jpg,malignant
/content/drive/MyDrive/melanoma_split/train/malignant/melanoma_6153.jpg,malignant
/content/drive/MyDrive/melanoma_split/train/malignant/melanoma_5400.jpg,malignant
/content/drive/MyDrive/melanoma_split/train/malignant/melanoma_5030.jpg,malignant
/content/drive/MyDrive/melanoma_split/train/malignant/melanoma_6752.jpg,malignant
/content/drive/MyDrive/melanoma_split/train/malignant/melanoma_6914.jpg,malignant
/content/drive/MyDrive/melanoma_split/train/malignant/melanoma_7471.jpg,malignant
/content/drive/MyDrive/melanoma_split/train/malignant/melanoma_6859.jpg,malignant
/content/drive/MyDrive/melanoma_split/train/malignant/melanoma_8430.jpg,malignant
/content/drive/MyDrive/melanoma_split/train/malignant/melanoma_7739.jpg,malignant
/content/drive/MyDrive/melanoma_split/train/malignant/melanoma_7791.jpg,malignant
/content/drive/MyDrive/melanoma_split/train/malignant/melanoma_8229.jpg,malignant
/content/drive/MyDrive/melanoma_split/train/malignant/melanoma_6646.jpg,malignant
/content/drive/MyDrive/melanoma_split/train/malignant/melanoma_7728.jpg,malignant
/content/drive/MyDrive/melanoma_split/train/malignant/melanoma_5926.jpg,malignant
/content/drive/MyDrive/melanoma_split/train/malignant/melanoma_5381.jpg,malignant
/content/drive/MyDrive/melanoma_split/train/malignant/melanoma_5770.jpg,malignant
/content/drive/MyDrive/melanoma_split/train/malignant/melanoma_7003.jpg,malignant
/content/drive/MyDrive/melanoma_split/train/malignant/melanoma_5016.jpg,malignant
/content/drive/MyDrive/melanoma_split/train/malignant/melanoma_9560.jpg,malignant
/content/drive/MyDrive/melanoma_split/train/malignant/melanoma_9365.jpg,malignant
/content/drive/MyDrive/melanoma_split/train/malignant/melanoma_7663.jpg,malignant
/content/drive/MyDrive/melanoma_split/train/malignant/melanoma_9150.jpg,malignant
/content/drive/MyDrive/melanoma_split/train/malignant/melanoma_6097.jpg,malignant
/content/drive/MyDrive/melanoma_split/train/malignant/melanoma_9206.jpg,malignant
/content/drive/MyDrive/melanoma_split/train/malignant/melanoma_6004.jpg,malignant
/content/drive/MyDrive/melanoma_split/train/malignant/melanoma_6464.jpg,malignant
/content/drive/MyDrive/melanoma_split/train/malignant/melanoma_5828.jpg,malignant
/content/drive/MyDrive/melanoma_split/train/malignant/melanoma_6907.jpg,malignant
/content/drive/MyDrive/melanoma_split/train/malignant/melanoma_5754.jpg,malignant
/content/drive/MyDrive/melanoma_split/train/malignant/melanoma_6314.jpg,malignant
/content/drive/MyDrive/melanoma_split/train/malignant/melanoma_9507.jpg,malignant
/content/drive/MyDrive/melanoma_split/train/malignant/melanoma_5088.jpg,malignant
/content/drive/MyDrive/melanoma_split/train/malignant/melanoma_6348.jpg,malignant
/content/drive/MyDrive/melanoma_split/train/malignant/melanoma_6532.jpg,malignant
/content/drive/MyDrive/melanoma_split/train/malignant/melanoma_9478.jpg,malignant
/content/drive/MyDrive/melanoma_split/train/malignant/melanoma_7349.jpg,malignant
/content/drive/MyDrive/melanoma_split/train/malignant/melanoma_7178.jpg,malignant
/content/drive/MyDrive/melanoma_split/train/malignant/melanoma_6827.jpg,malignant
/content/drive/MyDrive/melanoma_split/train/malignant/melanoma_7842.jpg,malignant
/content/drive/MyDrive/melanoma_split/train/malignant/melanoma_8402.jpg,malignant
/content/drive/MyDrive/melanoma_split/train/malignant/melanoma_6774.jpg,malignant
/content/drive/MyDrive/melanoma_split/train/malignant/melanoma_6080.jpg,malignant
/content/drive/MyDrive/melanoma_split/train/malignant/melanoma_5387.jpg,malignant
/content/drive/MyDrive/melanoma_split/train/malignant/melanoma_5947.jpg,malignant
/content/drive/MyDrive/melanoma_split/train/malignant/melanoma_6311.jpg,malignant
/content/drive/MyDrive/melanoma_split/train/malignant/melanoma_6061.jpg,malignant
/content/drive/MyDrive/melanoma_split/train/malignant/melanoma_9541.jpg,malignant
/content/drive/MyDrive/melanoma_split/train/malignant/melanoma_7742.jpg,malignant
/content/drive/MyDrive/melanoma_split/train/malignant/melanoma_6701.jpg,malignant
/content/drive/MyDrive/melanoma_split/train/malignant/melanoma_8632.jpg,malignant
/content/drive/MyDrive/melanoma_split/train/malignant/melanoma_6901.jpg,malignant
/content/drive/MyDrive/melanoma_split/train/malignant/melanoma_7983.jpg,malignant
/content/drive/MyDrive/melanoma_split/train/malignant/melanoma_7065.jpg,malignant
/content/drive/MyDrive/melanoma_split/train/malignant/melanoma_7365.jpg,malignant
/content/drive/MyDrive/melanoma_split/train/malignant/melanoma_8981.jpg,malignant
/content/drive/MyDrive/melanoma_split/train/malignant/melanoma_8752.jpg,malignant
/content/drive/MyDrive/melanoma_split/train/malignant/melanoma_7028.jpg,malignant
/content/drive/MyDrive/melanoma_split/train/malignant/melanoma_7749.jpg,malignant
/content/drive/MyDrive/melanoma_split/train/malignant/melanoma_5726.jpg,malignant
/content/drive/MyDrive/melanoma_split/train/malignant/melanoma_6700.jpg,malignant
/content/drive/MyDrive/melanoma_split/train/malignant/melanoma_8753.jpg,malignant
/content/drive/MyDrive/melanoma_split/train/malignant/melanoma_7694.jpg,malignant
/content/drive/MyDrive/melanoma_split/train/malignant/melanoma_6819.jpg,malignant
/content/drive/MyDrive/melanoma_split/train/malignant/melanoma_7408.jpg,malignant
/content/drive/MyDrive/melanoma_split/train/malignant/melanoma_6482.jpg,malignant
/content/drive/MyDrive/melanoma_split/train/malignant/melanoma_6698.jpg,malignant
/content/drive/MyDrive/melanoma_split/train/malignant/melanoma_5447.jpg,malignant
/content/drive/MyDrive/melanoma_split/train/malignant/melanoma_6910.jpg,malignant
/content/drive/MyDrive/melanoma_split/train/malignant/melanoma_8212.jpg,malignant
/content/drive/MyDrive/melanoma_split/train/malignant/melanoma_6680.jpg,malignant
/content/drive/MyDrive/melanoma_split/train/malignant/melanoma_9174.jpg,malignant
/content/drive/MyDrive/melanoma_split/train/malignant/melanoma_6359.jpg,malignant
/content/drive/MyDrive/melanoma_split/train/malignant/melanoma_7473.jpg,malignant
/content/drive/MyDrive/melanoma_split/train/malignant/melanoma_6966.jpg,malignant
/content/drive/MyDrive/melanoma_split/train/malignant/melanoma_8772.jpg,malignant
/content/drive/MyDrive/melanoma_split/train/malignant/melanoma_6516.jpg,malignant
/content/drive/MyDrive/melanoma_split/train/malignant/melanoma_9242.jpg,malignant
/content/drive/MyDrive/melanoma_split/train/malignant/melanoma_9285.jpg,malignant
/content/drive/MyDrive/melanoma_split/train/malignant/melanoma_7053.jpg,malignant
/content/drive/MyDrive/melanoma_split/train/malignant/melanoma_6395.jpg,malignant
/content/drive/MyDrive/melanoma_split/train/malignant/melanoma_5139.jpg,malignant
/content/drive/MyDrive/melanoma_split/train/malignant/melanoma_8053.jpg,malignant
/content/drive/MyDrive/melanoma_split/train/malignant/melanoma_7168.jpg,malignant
/content/drive/MyDrive/melanoma_split/train/malignant/melanoma_8116.jpg,malignant
/content/drive/MyDrive/melanoma_split/train/malignant/melanoma_5509.jpg,malignant
/content/drive/MyDrive/melanoma_split/train/malignant/melanoma_8148.jpg,malignant
/content/drive/MyDrive/melanoma_split/train/malignant/melanoma_7332.jpg,malignant
/content/drive/MyDrive/melanoma_split/train/malignant/melanoma_7574.jpg,malignant
/content/drive/MyDrive/melanoma_split/train/malignant/melanoma_8270.jpg,malignant
/content/drive/MyDrive/melanoma_split/train/malignant/melanoma_9358.jpg,malignant
/content/drive/MyDrive/melanoma_split/train/malignant/melanoma_7975.jpg,malignant
/content/drive/MyDrive/melanoma_split/train/malignant/melanoma_7630.jpg,malignant
/content/drive/MyDrive/melanoma_split/train/malignant/melanoma_5433.jpg,malignant
/content/drive/MyDrive/melanoma_split/train/malignant/melanoma_5928.jpg,malignant
/content/drive/MyDrive/melanoma_split/train/malignant/melanoma_7398.jpg,malignant
/content/drive/MyDrive/melanoma_split/train/malignant/melanoma_9222.jpg,malignant
/content/drive/MyDrive/melanoma_split/train/malignant/melanoma_7608.jpg,malignant
/content/drive/MyDrive/melanoma_split/train/malignant/melanoma_7307.jpg,malignant
/content/drive/MyDrive/melanoma_split/train/malignant/melanoma_5321.jpg,malignant
/content/drive/MyDrive/melanoma_split/train/malignant/melanoma_5796.jpg,malignant
/content/drive/MyDrive/melanoma_split/train/malignant/melanoma_7720.jpg,malignant
/content/drive/MyDrive/melanoma_split/train/malignant/melanoma_6588.jpg,malignant
/content/drive/MyDrive/melanoma_split/train/malignant/melanoma_6526.jpg,malignant
/content/drive/MyDrive/melanoma_split/train/malignant/melanoma_7557.jpg,malignant
/content/drive/MyDrive/melanoma_split/train/malignant/melanoma_7215.jpg,malignant
/content/drive/MyDrive/melanoma_split/train/malignant/melanoma_8500.jpg,malignant
/content/drive/MyDrive/melanoma_split/train/malignant/melanoma_5079.jpg,malignant
/content/drive/MyDrive/melanoma_split/train/malignant/melanoma_7242.jpg,malignant
/content/drive/MyDrive/melanoma_split/train/malignant/melanoma_5456.jpg,malignant
/content/drive/MyDrive/melanoma_split/train/malignant/melanoma_6240.jpg,malignant
/content/drive/MyDrive/melanoma_split/train/malignant/melanoma_8883.jpg,malignant
/content/drive/MyDrive/melanoma_split/train/malignant/melanoma_8193.jpg,malignant
/content/drive/MyDrive/melanoma_split/train/malignant/melanoma_9065.jpg,malignant
/content/drive/MyDrive/melanoma_split/train/malignant/melanoma_8660.jpg,malignant
/content/drive/MyDrive/melanoma_split/train/malignant/melanoma_7722.jpg,malignant
/content/drive/MyDrive/melanoma_split/train/malignant/melanoma_7811.jpg,malignant
/content/drive/MyDrive/melanoma_split/train/malignant/melanoma_8606.jpg,malignant
/content/drive/MyDrive/melanoma_split/train/malignant/melanoma_7346.jpg,malignant
/content/drive/MyDrive/melanoma_split/train/malignant/melanoma_9001.jpg,malignant
/content/drive/MyDrive/melanoma_split/train/malignant/melanoma_6514.jpg,malignant
/content/drive/MyDrive/melanoma_split/train/malignant/melanoma_9352.jpg,malignant
/content/drive/MyDrive/melanoma_split/train/malignant/melanoma_6002.jpg,malignant
/content/drive/MyDrive/melanoma_split/train/malignant/melanoma_7661.jpg,malignant
/content/drive/MyDrive/melanoma_split/train/malignant/melanoma_6833.jpg,malignant
/content/drive/MyDrive/melanoma_split/train/malignant/melanoma_5840.jpg,malignant
/content/drive/MyDrive/melanoma_split/train/malignant/melanoma_7162.jpg,malignant
/content/drive/MyDrive/melanoma_split/train/malignant/melanoma_5478.jpg,malignant
/content/drive/MyDrive/melanoma_split/train/malignant/melanoma_7528.jpg,malignant
/content/drive/MyDrive/melanoma_split/train/malignant/melanoma_6851.jpg,malignant
/content/drive/MyDrive/melanoma_split/train/malignant/melanoma_5525.jpg,malignant
/content/drive/MyDrive/melanoma_split/train/malignant/melanoma_5919.jpg,malignant
/content/drive/MyDrive/melanoma_split/train/malignant/melanoma_5639.jpg,malignant
/content/drive/MyDrive/melanoma_split/train/malignant/melanoma_7387.jpg,malignant
/content/drive/MyDrive/melanoma_split/train/malignant/melanoma_5062.jpg,malignant
/content/drive/MyDrive/melanoma_split/train/malignant/melanoma_9142.jpg,malignant
/content/drive/MyDrive/melanoma_split/train/malignant/melanoma_5804.jpg,malignant
/content/drive/MyDrive/melanoma_split/train/malignant/melanoma_5954.jpg,malignant
/content/drive/MyDrive/melanoma_split/train/malignant/melanoma_9533.jpg,malignant
/content/drive/MyDrive/melanoma_split/train/malignant/melanoma_5094.jpg,malignant
/content/drive/MyDrive/melanoma_split/train/malignant/melanoma_7890.jpg,malignant
/content/drive/MyDrive/melanoma_split/train/malignant/melanoma_9188.jpg,malignant
/content/drive/MyDrive/melanoma_split/train/malignant/melanoma_7490.jpg,malignant
/content/drive/MyDrive/melanoma_split/train/malignant/melanoma_8695.jpg,malignant
/content/drive/MyDrive/melanoma_split/train/malignant/melanoma_9146.jpg,malignant
/content/drive/MyDrive/melanoma_split/train/malignant/melanoma_5310.jpg,malignant
/content/drive/MyDrive/melanoma_split/train/malignant/melanoma_7487.jpg,malignant
/content/drive/MyDrive/melanoma_split/train/malignant/melanoma_5876.jpg,malignant
/content/drive/MyDrive/melanoma_split/train/malignant/melanoma_6435.jpg,malignant
/content/drive/MyDrive/melanoma_split/train/malignant/melanoma_8679.jpg,malignant
/content/drive/MyDrive/melanoma_split/train/malignant/melanoma_5191.jpg,malignant
/content/drive/MyDrive/melanoma_split/train/malignant/melanoma_7072.jpg,malignant
/content/drive/MyDrive/melanoma_split/train/malignant/melanoma_7838.jpg,malignant
/content/drive/MyDrive/melanoma_split/train/malignant/melanoma_5125.jpg,malignant
/content/drive/MyDrive/melanoma_split/train/malignant/melanoma_8631.jpg,malignant
/content/drive/MyDrive/melanoma_split/train/malignant/melanoma_5671.jpg,malignant
/content/drive/MyDrive/melanoma_split/train/malignant/melanoma_6965.jpg,malignant
/content/drive/MyDrive/melanoma_split/train/malignant/melanoma_8251.jpg,malignant
/content/drive/MyDrive/melanoma_split/train/malignant/melanoma_7120.jpg,malignant
/content/drive/MyDrive/melanoma_split/train/malignant/melanoma_8941.jpg,malignant
/content/drive/MyDrive/melanoma_split/train/malignant/melanoma_7547.jpg,malignant
/content/drive/MyDrive/melanoma_split/train/malignant/melanoma_7493.jpg,malignant
/content/drive/MyDrive/melanoma_split/train/malignant/melanoma_8491.jpg,malignant
/content/drive/MyDrive/melanoma_split/train/malignant/melanoma_6682.jpg,malignant
/content/drive/MyDrive/melanoma_split/train/malignant/melanoma_7494.jpg,malignant
/content/drive/MyDrive/melanoma_split/train/malignant/melanoma_7911.jpg,malignant
/content/drive/MyDrive/melanoma_split/train/malignant/melanoma_7018.jpg,malignant
/content/drive/MyDrive/melanoma_split/train/malignant/melanoma_5430.jpg,malignant
/content/drive/MyDrive/melanoma_split/train/malignant/melanoma_6489.jpg,malignant
/content/drive/MyDrive/melanoma_split/train/malignant/melanoma_8550.jpg,malignant
/content/drive/MyDrive/melanoma_split/train/malignant/melanoma_6068.jpg,malignant
/content/drive/MyDrive/melanoma_split/train/malignant/melanoma_8314.jpg,malignant
/content/drive/MyDrive/melanoma_split/train/malignant/melanoma_5676.jpg,malignant
/content/drive/MyDrive/melanoma_split/train/malignant/melanoma_9488.jpg,malignant
/content/drive/MyDrive/melanoma_split/train/malignant/melanoma_8080.jpg,malignant
/content/drive/MyDrive/melanoma_split/train/malignant/melanoma_5197.jpg,malignant
/content/drive/MyDrive/melanoma_split/train/malignant/melanoma_5995.jpg,malignant
/content/drive/MyDrive/melanoma_split/train/malignant/melanoma_8618.jpg,malignant
/content/drive/MyDrive/melanoma_split/train/malignant/melanoma_6343.jpg,malignant
/content/drive/MyDrive/melanoma_split/train/malignant/melanoma_8150.jpg,malignant
/content/drive/MyDrive/melanoma_split/train/malignant/melanoma_7533.jpg,malignant
/content/drive/MyDrive/melanoma_split/train/malignant/melanoma_9546.jpg,malignant
/content/drive/MyDrive/melanoma_split/train/malignant/melanoma_5234.jpg,malignant
/content/drive/MyDrive/melanoma_split/train/malignant/melanoma_8737.jpg,malignant
/content/drive/MyDrive/melanoma_split/train/malignant/melanoma_8344.jpg,malignant
/content/drive/MyDrive/melanoma_split/train/malignant/melanoma_7096.jpg,malignant
/content/drive/MyDrive/melanoma_split/train/malignant/melanoma_6703.jpg,malignant
/content/drive/MyDrive/melanoma_split/train/malignant/melanoma_8748.jpg,malignant
/content/drive/MyDrive/melanoma_split/train/malignant/melanoma_6710.jpg,malignant
/content/drive/MyDrive/melanoma_split/train/malignant/melanoma_8242.jpg,malignant
/content/drive/MyDrive/melanoma_split/train/malignant/melanoma_8040.jpg,malignant
/content/drive/MyDrive/melanoma_split/train/malignant/melanoma_7327.jpg,malignant
/content/drive/MyDrive/melanoma_split/train/malignant/melanoma_7675.jpg,malignant
/content/drive/MyDrive/melanoma_split/train/malignant/melanoma_5017.jpg,malignant
/content/drive/MyDrive/melanoma_split/train/malignant/melanoma_8685.jpg,malignant
/content/drive/MyDrive/melanoma_split/train/malignant/melanoma_7914.jpg,malignant
/content/drive/MyDrive/melanoma_split/train/malignant/melanoma_5130.jpg,malignant
/content/drive/MyDrive/melanoma_split/train/malignant/melanoma_8037.jpg,malignant
/content/drive/MyDrive/melanoma_split/train/malignant/melanoma_8243.jpg,malignant
/content/drive/MyDrive/melanoma_split/train/malignant/melanoma_6665.jpg,malignant
/content/drive/MyDrive/melanoma_split/train/malignant/melanoma_5522.jpg,malignant
/content/drive/MyDrive/melanoma_split/train/malignant/melanoma_8225.jpg,malignant
/content/drive/MyDrive/melanoma_split/train/malignant/melanoma_8610.jpg,malignant
/content/drive/MyDrive/melanoma_split/train/malignant/melanoma_9193.jpg,malignant
/content/drive/MyDrive/melanoma_split/train/malignant/melanoma_7499.jpg,malignant
/content/drive/MyDrive/melanoma_split/train/malignant/melanoma_8171.jpg,malignant
/content/drive/MyDrive/melanoma_split/train/malignant/melanoma_8220.jpg,malignant
/content/drive/MyDrive/melanoma_split/train/malignant/melanoma_5528.jpg,malignant
/content/drive/MyDrive/melanoma_split/train/malignant/melanoma_6689.jpg,malignant
/content/drive/MyDrive/melanoma_split/train/malignant/melanoma_6215.jpg,malignant
/content/drive/MyDrive/melanoma_split/train/malignant/melanoma_7931.jpg,malignant
/content/drive/MyDrive/melanoma_split/train/malignant/melanoma_6820.jpg,malignant
/content/drive/MyDrive/melanoma_split/train/malignant/melanoma_6207.jpg,malignant
/content/drive/MyDrive/melanoma_split/train/malignant/melanoma_6079.jpg,malignant
/content/drive/MyDrive/melanoma_split/train/malignant/melanoma_5665.jpg,malignant
/content/drive/MyDrive/melanoma_split/train/malignant/melanoma_9185.jpg,malignant
/content/drive/MyDrive/melanoma_split/train/malignant/melanoma_7423.jpg,malignant
/content/drive/MyDrive/melanoma_split/train/malignant/melanoma_7531.jpg,malignant
/content/drive/MyDrive/melanoma_split/train/malignant/melanoma_7090.jpg,malignant
/content/drive/MyDrive/melanoma_split/train/malignant/melanoma_6840.jpg,malignant
/content/drive/MyDrive/melanoma_split/train/malignant/melanoma_7188.jpg,malignant
/content/drive/MyDrive/melanoma_split/train/malignant/melanoma_5651.jpg,malignant
/content/drive/MyDrive/melanoma_split/train/malignant/melanoma_8394.jpg,malignant
/content/drive/MyDrive/melanoma_split/train/malignant/melanoma_7102.jpg,malignant
/content/drive/MyDrive/melanoma_split/train/malignant/melanoma_6872.jpg,malignant
/content/drive/MyDrive/melanoma_split/train/malignant/melanoma_8722.jpg,malignant
/content/drive/MyDrive/melanoma_split/train/malignant/melanoma_9025.jpg,malignant
/content/drive/MyDrive/melanoma_split/train/malignant/melanoma_7108.jpg,malignant
/content/drive/MyDrive/melanoma_split/train/malignant/melanoma_6918.jpg,malignant
/content/drive/MyDrive/melanoma_split/train/malignant/melanoma_7017.jpg,malignant
/content/drive/MyDrive/melanoma_split/train/malignant/melanoma_8461.jpg,malignant
/content/drive/MyDrive/melanoma_split/train/malignant/melanoma_8671.jpg,malignant
/content/drive/MyDrive/melanoma_split/train/malignant/melanoma_6286.jpg,malignant
/content/drive/MyDrive/melanoma_split/train/malignant/melanoma_8447.jpg,malignant
/content/drive/MyDrive/melanoma_split/train/malignant/melanoma_9236.jpg,malignant
/content/drive/MyDrive/melanoma_split/train/malignant/melanoma_8297.jpg,malignant
/content/drive/MyDrive/melanoma_split/train/malignant/melanoma_8906.jpg,malignant
/content/drive/MyDrive/melanoma_split/train/malignant/melanoma_8411.jpg,malignant
/content/drive/MyDrive/melanoma_split/train/malignant/melanoma_7406.jpg,malignant
/content/drive/MyDrive/melanoma_split/train/malignant/melanoma_9373.jpg,malignant
/content/drive/MyDrive/melanoma_split/train/malignant/melanoma_9125.jpg,malignant
/content/drive/MyDrive/melanoma_split/train/malignant/melanoma_8588.jpg,malignant
